userName,proxyWallet,pnl,roi_percentage,total_trades,win_rate,short_hold_percentage,recent_pnl,active_duration_days,unique_markets_traded,avg_trades_per_market,percent_redeemed,percent_long_hold_redeem,most_common_market
Macks22,0x1057e7d3ddafc60a4aeb10a2bc5b543792449ea5,838334.58,19.56,893,100.0,7.35,217325.49,61.85,85,10.51,84.71,5.56,Will Kanye tweet again by March 31?
loserforever10,0x19e27eeb3641ae664e77dbb80c86021f048ece3c,82835.65,3.98,966,100.0,16.67,112837.14,75.94,69,14.0,43.48,0.0,Will US Sassuolo Calcio vs. Cagliari Calcio end in a draw?
Adept-Closing,0xfe144d42554dd872c4dedaf1a870247d274b11ee,276487.23,21.02,82,100.0,0.0,98004.46,157.41,33,2.48,78.79,0.0,Grizzlies vs. Heat
PONZITRADERretrddd,0x34b9c22d6c809fa50ff927d3c07c7a49193151f6,91637.99,9.74,565,100.0,0.0,91336.71,82.93,14,40.36,64.29,11.11,Spread: Florida Gators (-10.5)
mikethebosss344,0x5b06a846ffad0967cd4343971fd26e2ceec8fbf1,27713.06,11.09,59,100.0,0.0,31151.63,159.77,44,1.34,59.09,11.54,Will there be no change in Fed interest rates after the March 2026 meeting?
0x1eA2BDD2aFF5344a19a501F0FcE2F097f21F9ad4-1765991041065,0x1ea2bdd2aff5344a19a501f0fce2f097f21f9ad4,35438.41,6.82,174,100.0,0.0,30780.41,93.83,137,1.27,54.74,0.0,Spurs vs. Rockets: O/U 221.5
AnaBaccchi,0x52f8b117906a436cd10c917473b22871b8a968d9,4331.0,1.7,90,100.0,5.75,26144.51,96.82,89,1.01,97.75,1.15,Will the price of Solana be between $90 and $100 on April 4?
Jon-Anik-Fan,0x796665cdc15bea4dfc7d9952cafad909419b6f94,22910.92,3.24,981,100.0,0.0,25624.52,105.38,35,28.03,48.57,0.0,"UFC 327: Jirí Procházka vs. Carlos Ulberg (Light Heavyweight, Main Card)"
WEEBITES,0xf4153a4865b4dc0b690d9a876895e32724fc995a,36994.39,41.31,101,100.0,13.89,23861.6,111.4,91,1.11,68.13,9.68,Over $8M committed to the P2P Protocol public sale?
Tennisovo,0x07aa5fb9f7db93e1d1ffdc6e0251f28a3aa2deb1,27179.38,15.11,217,100.0,0.0,22441.53,81.6,56,3.88,58.93,0.0,Spread: Canadiens (-1.5)
pipilates,0x76abd7ac3c9f15681006bb565cc6b5740851506d,20243.66,4.25,920,100.0,1.89,20579.64,202.79,76,12.11,100.0,1.32,Wizards vs. Trail Blazers
0xe1666d904d93B2172d2ee0B01a78affAfE058F14-1768421530120,0xe1666d904d93b2172d2ee0b01a78affafe058f14,19653.45,10.19,46,100.0,14.29,19263.94,67.74,21,2.19,23.81,0.0,Will Real Madrid CF win on 2026-04-04?
Tongling,0xcfb8b7e312686df0b566bfe86a0f4836573ab04c,45423.61,34.42,128,100.0,14.43,18751.21,109.57,112,1.14,74.11,0.0,Over $14M committed to the P2P Protocol public sale?
cliftonbraku,0xde90a9e4b0e1c7cf3183808e62fe3aca56c7baba,15831.51,38.6,29,100.0,0.0,16947.24,165.6,28,1.04,96.43,0.0,Knicks vs. Thunder: O/U 223.5
Trumphot,0xe2563c3c3f6ca48e721d2a046801fc1a5af41f43,16424.86,30.21,34,100.0,0.0,16325.4,63.22,21,1.62,42.86,11.11,Will the US confirm that aliens exist before 2027?
ardendigniss,0x9e9503a20bfe77e7530317237b69993ec5cb3040,29729.73,43.72,14,100.0,0.0,15709.21,72.93,13,1.08,76.92,0.0,Will Gretchen Whitmer win the 2028 Democratic presidential nomination?
darrinno,0xf73bb5f88186c35346ba3ae87ac5f4d3829c1721,14759.88,27.07,22,100.0,0.0,15481.17,64.81,15,1.47,80.0,0.0,Will Gretchen Whitmer win the 2028 Democratic presidential nomination?
burleyba,0x5b862fd5d4d1392e2757c12768a9ea5aa7c24b1d,14294.74,30.09,16,100.0,0.0,15369.4,66.74,12,1.33,83.33,0.0,Will Gretchen Whitmer win the 2028 Democratic presidential nomination?
rayrempelwvi,0xdbd4cf54a4d498a538ba6d41281dfcb7783078f8,14457.79,38.07,17,100.0,0.0,15137.65,64.82,15,1.13,80.0,0.0,Will James Talarico win the 2028 Democratic presidential nomination?
Waangy,0x3022f949f324dab348a42e52a0316b9ac8f93794,15118.18,7.45,79,100.0,0.0,14762.68,61.65,34,2.32,67.65,0.0,Bulls vs. Knicks
0x330528a58ED70B5c66F22b43Be6B19a213d631da-1766685587066,0x330528a58ed70b5c66f22b43be6b19a213d631da,13987.7,1.77,55,100.0,0.0,13358.79,64.27,12,4.58,0.0,0.0,"US strikes Iran by March 4, 2026?"
trumpeto,0x726e4b2bd7c1e46f15265b533a3443b96aa577ce,14254.4,6.09,92,100.0,6.41,13284.83,385.02,80,1.15,92.5,56.76,"Will Amazon say ""Bank of America"" during earnings call?"
bvcbx,0x69701f69bb15ac5c6a92c388b43ac90a40840243,9561.04,31.01,127,100.0,0.0,11646.9,75.86,16,7.94,68.75,0.0,"2026 Balance of Power: D Senate, D House"
hebahasan1111,0x270b0d153601c435179cd49cc808aaeb0daeff56,17927.2,22.26,34,100.0,0.0,11625.0,89.91,19,1.79,47.37,0.0,Spread: Spurs (-8.5)
PirmakTaupyen,0x710a95c3de1e8472a10c8de9e2271e34feeeed6c,20100.3,21.76,33,100.0,0.0,11625.0,90.7,22,1.5,54.55,0.0,Spread: Spurs (-8.5)
inikalilah,0xccaa5005ea587f6164d49028f9d00b5ecd1ad428,37126.33,43.01,122,100.0,14.74,11611.72,109.49,107,1.14,74.77,15.0,Over $10M committed to the P2P Protocol public sale?
Bankky,0x88c7299196990d2404f4fe4427fb20645a529012,18595.56,16.57,187,100.0,9.09,11482.2,99.51,55,3.4,50.91,0.0,Will Real Madrid CF win on 2026-02-08?
PoppingKing,0x9ed952e93df2692d1c57ae97d97b11dc84e8ba21,35773.15,42.77,94,100.0,12.33,11351.97,106.56,83,1.13,77.11,0.0,Backpack FDV above $1B one day after launch?
turbooctapus,0x8d60d79299178e5e7df7024114acf34c9bc6649f,14079.83,5.06,75,100.0,0.0,10103.17,176.99,58,1.29,58.62,2.94,Will the Fed decrease interest rates by 50+ bps after the March 2026 meeting?
user51157846579381563,0x2f91c1361fd87957c93bc5fa560053a15b0a907f,11222.67,0.29,952,100.0,6.52,9980.55,165.83,97,9.81,42.27,0.0,New York Yankees vs. Seattle Mariners
Gentleflowv,0x14fae165a02935f2faf8d12a35932c1e2f88cfb0,7009.44,24.65,16,100.0,0.0,9906.78,101.57,16,1.0,62.5,0.0,"Will Anthropic not IPO by June 30, 2026?"
WebbBi,0x6077880a04036ef5e4113b324773d15b71d3ad46,6447.74,4.22,86,100.0,0.0,8875.49,69.13,54,1.59,61.11,0.0,Games Total: O/U 2.5
TroyCuban,0x20923dd89a39dd49657097a9e154cc5b3c3ab6d8,32346.95,30.02,279,100.0,0.0,8624.09,104.88,28,9.96,100.0,7.14,"Will PayPal say ""Unprofitable"" during earnings call?"
Kingou,0x088205e7a741a04da2bba7b9eb34eb99a0901dc6,5323.15,16.54,98,100.0,0.0,8607.74,86.54,15,6.53,60.0,0.0,"2026 Balance of Power: D Senate, D House"
dhoney3,0xcd49a4806334f76cfa903eeea62c56ac6df14b3b,14220.36,12.02,36,100.0,0.0,8599.5,88.51,23,1.57,60.87,0.0,Spread: Thunder (-2.5)
Mildrith,0x3ef2da3f03e050d2d4694cab487b0b15b94eefe6,10580.04,37.01,20,100.0,0.0,8467.8,117.47,17,1.18,82.35,7.14,Arizona State Sun Devils vs. Iowa State Cyclones
Brightwoodc,0x820cc42facaa875c612abc801de55bb44720cb55,5057.84,22.91,21,100.0,0.0,8261.92,100.99,17,1.24,64.71,0.0,Will Microsoft (MSFT) finish week of March 9 above $350?
NoobCapt,0xee30e5174dae1fd602ff1f06cc398bf67a1f9297,21292.97,7.45,564,100.0,0.0,8049.01,107.57,174,3.24,90.23,1.91,Will Hoppers be the highest grossing movie this weekend?
vidaeth,0xabce51317826dcf94dfc6fca37f968dfa9180817,6719.38,26.07,89,100.0,0.0,7565.18,82.06,14,6.36,57.14,0.0,Will the Democratic Party control the House after the 2026 Midterm elections?
miniffer,0xf4391ba9e844569eb9c4269ac18f103087febf9c,11036.92,5.17,770,100.0,10.74,7475.26,69.14,266,2.89,78.2,9.62,Spread: FC Bayern München (-1.5)
Lighterliger,0x21d226f1d0ac9ee905903782e14e19bf2904d3eb,13011.07,6.87,98,100.0,0.0,7468.42,72.24,53,1.85,56.6,0.0,Spread: Avalanche (-1.5)
steverogersss,0x5203907b3aa844286d7ef99acb87652c5c1c0312,6901.06,18.5,191,100.0,0.0,7410.96,135.04,42,4.55,100.0,7.14,Counter-Strike: paiN vs G2 (BO3) - ESL Pro League Stage 1
ManaNonu,0xe4cb32230ad5f6f3a50ec05575c3772c827ed9d2,11082.72,34.33,223,100.0,0.0,7313.33,136.54,31,7.19,100.0,3.23,Suns vs. Timberwolves
Krang,0xa577070d91f0fa2ebe8ed98b04bfef8c6af091e3,5127.49,9.43,17,100.0,0.0,7269.86,65.48,11,1.55,36.36,0.0,Will Marco Rubio win the 2028 Republican presidential nomination?
safsadfa,0xf8540da25501147d32ebc77ea20675f27690c850,7131.23,9.27,82,100.0,0.0,7130.9,60.39,9,9.11,66.67,16.67,"Will OpenSea launch a token by March 31, 2026?"
NorthmereCoast,0xcb62c6e4102f30544bba2021168e9d1d1977a903,5375.26,18.56,129,100.0,0.0,6873.94,154.83,33,3.91,45.45,0.0,Wizards vs. Trail Blazers
BooreToo,0xc4e7cda50270497088818ccb19f0463bda10be52,6352.32,22.64,52,100.0,0.0,6342.87,150.2,24,2.17,91.67,13.64,Hornets vs. Suns
nestas,0x43046937aa175349b67e49e734396b4a9ddb1c4e,5055.68,13.43,206,100.0,0.0,6058.96,123.34,21,9.81,100.0,14.29,Indian Premier League: Mumbai Indians vs Kolkata Knight Riders
Andesax612,0x5968c0f9ebcf4983ef0816e707dfee8ae586bfa2,5982.4,5.02,25,100.0,0.0,5982.36,68.44,14,1.79,64.29,11.11,Will Israel launch a major ground offensive in Lebanon by March 31?
0x6D357ed9345c87fd87EC49ea101E1490cC42AC36-1770276662576,0x6d357ed9345c87fd87ec49ea101e1490cc42ac36,5807.06,56.36,33,100.0,0.0,5767.28,74.78,22,1.5,68.18,13.33,Barletta: Gilles Arnaud Bailly vs Kimmer Coppejans
Madmuazel,0xc9f7ff52962214f0e000bf9d0a31283037ed6aac,4290.52,17.16,108,100.0,0.0,5301.49,130.05,108,1.0,55.56,0.0,Spread: Clippers (-14.5)
Grey2313,0x4ffd30331f754ca4f844bce909c44ade9c7ff591,5165.28,30.52,22,100.0,0.0,5182.73,109.88,16,1.38,93.75,0.0,Wizards vs. Trail Blazers
claudiagia,0xc4ce47603637766c336b1d630ce6c980ce40d70e,14621.54,7.37,561,100.0,0.0,5121.99,99.02,17,33.0,52.94,11.11,USD.AI FDV above $150M one day after launch?
simon51,0x08a46479e04468c75bf0839a58fd6cabdf8d5c3f,42852.69,3.16,955,100.0,2.17,4867.41,84.87,93,10.27,48.39,0.0,Lightning vs. Flyers
bitterfish,0x1cd24cc49782240413903b4b7e7694779f917f85,35809.41,16.67,92,100.0,0.0,4822.86,145.9,62,1.48,32.26,15.0,Will Bitcoin hit $80k or $100k first?
WilsonBenjamint,0x5c1263cb7932b237bfca20b57c9b5a7241696edc,4792.66,49.76,27,100.0,0.0,4784.21,82.6,15,1.8,80.0,33.33,Rockets vs. Bulls: O/U 232.5
elwqnelq,0x8ebf6cfe3bf07548298c3bd4437a2448fce882d5,7576.52,5.96,281,100.0,0.0,4619.9,60.37,37,7.59,45.95,0.0,Nuggets vs. Bulls
Phoebedfd23,0x75767cd934cc0e50e4020f8c6b616fe73e1cd59f,4277.1,28.64,29,100.0,0.0,4276.06,107.59,16,1.81,100.0,0.0,Raptors vs. Pistons
Dion23,0x41568309f17b2e6a6c6da6d9b268d97b806858c0,4686.43,24.31,28,100.0,0.0,4252.79,110.14,20,1.4,85.0,0.0,Clippers vs. Bucks
0x6E3FaBbE19F77AdFcD783649d7226992b0B3c36A-1768722719607,0x6e3fabbe19f77adfcd783649d7226992b0b3c36a,4956.4,52.58,17,100.0,0.0,4237.74,76.8,15,1.13,26.67,25.0,Hawks vs. Magic
MillerJamesz,0xfd129a08c3dacf97582ca6b21722daf0e1d20f12,4221.42,50.0,12,100.0,0.0,4216.13,82.63,12,1.0,83.33,30.0,Spurs vs. Heat: O/U 244.5
caruba,0xbe89169de9c4bbe21f2682e91e5694edf251204c,5721.5,16.88,140,100.0,0.0,4067.98,85.61,15,9.33,93.33,0.0,Delray Beach Open: Zachary Svajda vs Frances Tiafoe
WilliamsOliverr,0xe3979b709836415614fcaf12f6fcd9e983cc7f5d,3875.41,50.47,12,100.0,0.0,3866.06,62.89,12,1.0,66.67,25.0,Spread: Pistons (-2.5)
kjnbhughvg,0x6959de4ec021a11583dd9f45e57b7c7fe22ac574,3696.81,37.65,20,100.0,0.0,3660.11,75.88,16,1.25,31.25,0.0,Connecticut Huskies vs. Illinois Fighting Illini
avrora1,0x1e8e75d6f924654e94d7be8fbce278f2518dc986,5398.62,3.83,223,100.0,2.86,3564.24,392.08,77,2.9,37.66,0.0,Will Aston Villa FC vs. West Ham United FC end in a draw?
Thunder23,0x1f46916842d2fc8abaacfa48263510ea0f53d320,3579.91,22.5,26,100.0,0.0,3491.32,110.07,20,1.3,90.0,0.0,Celtics vs. Hornets
0xc9faDA4e123528D84834581e5Bb8F393EeE78074-1770820490700,0xc9fada4e123528d84834581e5bb8f393eee78074,3551.73,53.19,21,100.0,0.0,2650.77,73.06,17,1.24,47.06,0.0,US forces enter Iran by April 30?
88i,0xb4b85c1e5abadd93f32ea2ebb2a005d1002a950b,4241.86,11.31,138,100.0,0.0,2212.32,72.08,34,4.06,64.71,0.0,Backpack FDV above $2B one day after launch?
bedok,0x2f15aff2951a0caccdc1b4ed1edecb4c6a772fa3,31063.45,32.13,104,98.92,8.6,19085.27,103.93,95,1.09,88.42,1.19,Over $10M committed to the P2P Protocol public sale?
smegma3000,0x8b8c28523421d03abd9a8c41513c4fbbaa8c9390,12536.78,1.2,861,98.32,6.72,4640.6,146.25,191,4.51,60.73,0.0,Packers vs. Bears
tammymariner,0x29fc858ee00d21c08579d1eaaba4ff10b4108035,10088.2,49.83,73,98.31,1.69,10064.35,416.74,68,1.07,98.53,34.33,"Ethereum Up or Down - February 11, 3PM ET"
rgmx,0x1526b198524fa311247a3a857955808278d2fe7b,8213.7,48.83,389,98.31,1.69,8295.0,407.63,67,5.81,98.51,48.48,"Bitcoin Up or Down - February 5, 9AM ET"
relicrw,0xe5a5b5f00837f98dd0b134f316d97a1e5ff23875,5190.25,49.64,68,98.31,1.69,5185.25,410.06,64,1.06,98.44,41.27,"Bitcoin Up or Down - February 3, 11PM ET"
lme,0xa0b86889f8318a804f693c011c32fea008861732,9410.72,49.83,68,98.28,1.72,9397.27,414.89,65,1.05,98.46,43.75,"Bitcoin Up or Down - February 11, 3PM ET"
Sim5229,0x8cc25670d48526686454c4934f9983c326caeaef,9571.3,9.06,420,98.28,1.72,8716.95,64.43,100,4.2,98.0,16.33,Nicolas Claxton: Rebounds O/U 6.5
Desaru,0x99558e8d51b707069ddd64e8583c699bda94e3e6,39495.85,37.98,138,98.26,14.78,21702.57,119.25,117,1.18,83.76,0.0,Over $8M committed to the P2P Protocol public sale?
leslieguardian,0xec259fa7cde75de9b14abd74727d643a00515128,6235.66,49.81,68,98.25,1.75,6203.61,439.18,65,1.05,96.92,41.27,Spread: Pistons (-14.5)
dddtank,0x29931f0c85ff6688f76f3588cff13e277e3324d6,43382.65,33.19,149,98.21,13.39,33665.43,111.44,116,1.28,84.48,11.22,Over $8M committed to the P2P Protocol public sale?
bbjason,0xe1f6f78a80178a36cc6509ffb328ed023b001a99,4282.73,11.42,129,98.18,3.64,4802.22,64.12,62,2.08,96.77,0.0,LoL: Top Esports vs Invictus Gaming (BO3) - LPL Group Ascend
mwmic,0xcce9b4d7edf860a0fa447d433b3f8397bb6aa208,15950.7,36.23,65,98.15,1.85,15987.95,409.04,62,1.05,98.39,34.43,"Ethereum Up or Down - February 8, 12AM ET"
AI.AGENT.2026,0x2f633efb75256a2f2445110c8978684ab8936643,38553.87,7.84,672,98.12,13.17,16684.15,141.23,377,1.78,82.76,0.0,Will Conagra Brands (CAG) beat quarterly earnings?
MexicoTaco,0x9c09fed884937c43fc65e26460f613cc4f2cc9b4,22539.29,0.85,705,98.1,7.62,17330.58,118.44,191,3.69,85.34,0.0,Dodgers vs. Blue Jays
Puppyz,0xd0465062f521e2fa53d1d08a8309da8388f53432,5137.67,1.88,387,98.08,5.77,4440.73,134.57,84,4.61,57.14,27.08,Will Logan Paul’s PSA 10 Pokémon Illustrator Sale Price be over $4 million?
WuWuAhAh,0x492fcf945b1db36983f8f59dd1551d3a1ed3efaa,42517.38,33.39,134,98.02,14.85,21173.79,111.19,115,1.17,74.78,10.47,Over $8M committed to the P2P Protocol public sale?
Kiko596,0x39cbc5eda89553094ebf6a6ece83b14a343246e8,46347.49,6.25,536,97.88,12.01,8823.61,63.38,354,1.51,94.92,0.0,Stars vs. Penguins
Masol,0x7e6e3620156f1888e6b14b0cd2c8020bdf6b98d2,5220.22,9.16,700,97.87,5.67,2073.93,506.5,142,4.93,93.66,3.01,Italy Judicial Reform Referendum passes?
zygp88,0x2579f742c98ac26507b4b088439da65beae29d48,14899.05,8.83,156,97.83,1.09,14034.77,133.95,143,1.09,63.64,0.0,Spread: Pistons (-3.5)
Luck-Pig,0xe56db4870eae8f391078e06e96dbcdbccd392b65,158009.86,7.57,182,97.78,0.0,219419.82,69.47,162,1.12,52.47,0.0,New York Yankees vs. San Francisco Giants
DFV2,0x4f315c1f2fcfbcbccc31fa28ae086babf309efa3,52284.47,6.69,393,97.73,0.0,34867.73,63.51,53,7.42,67.92,8.33,Will Solana dip to $50 in April?
zelini,0xf2ce1505d357ab32a3e7191f9b7a5575a73fd0ee,14816.94,10.21,381,97.67,0.0,8372.7,321.82,59,6.46,93.22,5.45,Will Manchester United FC win on 2026-03-20?
yehuangz,0xba9c90eb69f83b3287773549b01cec7c5eacd2c1,10269.82,3.18,389,97.65,6.27,38204.09,81.97,345,1.13,68.99,0.0,Avalanche vs. Stars
Amthra,0x36844f2e419c98bdea191746e001f68d5826ebf7,20766.62,5.66,55,97.62,2.38,3136.86,272.08,45,1.22,91.11,95.12,International T20 Series: India vs South Africa (Game 1)
-kx1.s,0x1098cbcb24967c5e4fe40afe9e74ab1a6afeea3c,30926.74,22.6,140,97.5,11.67,9444.23,107.5,122,1.15,86.89,7.55,Over $10M committed to the P2P Protocol public sale?
0x6859613f7e936df3ad7dc91d86475b7dff47fb90,0x6859613f7e936df3ad7dc91d86475b7dff47fb90,5384.71,4.78,227,97.5,5.0,3719.02,78.92,153,1.48,50.98,0.0,Texas Rangers vs. Philadelphia Phillies
BrandonChin,0x6c01399f36123a454ceefe45c70a0d5447bcf327,31970.11,24.42,153,97.46,12.71,20574.45,109.48,121,1.26,81.82,0.0,Over $10M committed to the P2P Protocol public sale?
kovalon,0xf2cae58953c73cb722ba70ab694d3779b6e4b467,15019.59,16.74,304,97.44,3.85,8857.65,633.21,111,2.74,70.27,7.69,Counter-Strike: PARIVISION vs Legacy (BO3) - PGL Bucharest Group Stage
BXLEE,0x9a106208f6b58923b37a6fa0fd3cce8f8500543c,11577.51,16.71,91,97.37,7.89,8663.82,143.22,66,1.38,53.03,0.0,76ers vs. Heat
cctzz,0xfd397212a8aec23b39509f973abc21cbf4de234f,13367.68,6.38,118,97.3,0.0,6667.31,71.75,63,1.87,55.56,0.0,Games Total: O/U 2.5
0x108dEF0C668dd55082AFcaa03CCC3D02Df5cb85D-1765118750975,0x108def0c668dd55082afcaa03ccc3d02df5cb85d,3423.82,0.48,736,97.3,2.7,5600.55,87.73,71,10.37,50.7,0.0,Counter-Strike: FURIA vs B8 (BO3) - ESL Pro League Stage 2
WinstonFebb99,0x197b14b0fb2f7fbaafd8df1be38effcbc3d4a6b0,3668.96,1.92,96,97.14,0.0,4898.61,67.58,57,1.68,61.4,0.0,Games Total: O/U 3.5
sherard-404,0x41b16cf99960f65cc950ecac31211930c0b02b37,11619.1,34.46,78,97.1,1.45,11698.72,444.75,74,1.05,98.65,36.99,Solana Up or Down on March 10?
Nameren,0x3fa5abfebfe47c5c82ce9c2daab5879e574f4f56,10389.6,3.91,451,97.05,0.42,4537.41,69.66,352,1.28,70.17,0.4,Games Total: O/U 2.5
dzpmp,0xea0b4234db80cda4ab58869c0711a245a9e1fd15,10367.25,26.6,80,97.01,1.49,10359.86,434.62,75,1.07,96.0,47.22,"Bitcoin Up or Down - March 3, 3PM ET"
skyw,0x05d48593c06b70a59f213f4fe390ed92dbaa92f5,4828.12,5.99,219,96.97,0.0,5560.71,319.76,50,4.38,44.0,40.91,"Will Gold (GC) hit (LOW) $4,200 by end of June?"
xenuity,0x55b636e5639b4de5e0c79f09a1f005d6bee109e2,5078.85,0.42,855,96.97,13.64,2357.93,71.09,135,6.33,94.81,3.12,Texas Rangers vs. Philadelphia Phillies
skxl,0xe2f045a6335a8c6a3a453a3b6c86cf17eff2efcc,6048.29,49.65,72,96.92,1.54,6051.08,408.01,67,1.07,98.51,27.27,"Bitcoin Up or Down - February 3, 11PM ET"
pwnatorul,0x3eba55f41f4064bc4b070d06a00fec7c2dd5849a,48883.64,0.78,967,96.88,6.25,16635.93,152.04,36,26.86,91.67,30.3,"Will Bitcoin reach $90,000 in April?"
ojibs,0x02dc8b8fe93b4ba271067a99786927f3ae9277f6,11102.15,49.35,77,96.88,1.56,11162.0,418.98,71,1.08,98.59,35.71,"Ethereum Up or Down - February 14, 10PM ET"
CheerfulGwen,0x45032ce7810a0ed8cbb3cfe5b04f9513bb61bcd9,5264.29,49.64,70,96.88,1.56,5263.1,406.93,67,1.04,98.51,25.76,"Bitcoin Up or Down - February 3, 11PM ET"
relatedbeg,0x2cde80346eed526242e266476cfcc65073635b98,61601.27,2.68,662,96.81,7.45,2216.3,144.41,352,1.88,93.75,4.85,Will the fight be won by KO or TKO?
Noel3,0x739857ffcc4bb2b9cba7413c4728b58b9b358f31,4384.32,49.33,70,96.77,1.61,4381.51,410.63,66,1.06,98.48,38.46,"Bitcoin Up or Down - February 5, 12AM ET"
audiyifh,0x6da8a04b744521a8e641a810f7a538db19f97e40,6511.34,19.81,159,96.77,0.0,2528.82,150.86,37,4.3,75.68,0.0,Will Crude Oil (CL) hit (HIGH) $100 by end of March?
jeffersonlau,0xd56837a9f2ed30eefe0a588dd1467e7f51e3a35a,108652.04,2.42,604,96.75,9.09,50839.9,127.93,250,2.42,53.6,0.0,Lakers vs. Trail Blazers
0x6165EEa4a70294502EAafe6A6abdCFAE35c8Db3c-1763787021961,0x6165eea4a70294502eaafe6a6abdcfae35c8db3c,26019.14,1.5,253,96.74,6.52,52501.93,132.74,150,1.69,26.0,0.0,Cleveland Guardians vs. Seattle Mariners
blindlawyer,0xd2e7d814ab5d87829be67c66f94f73241dc44634,9674.24,48.5,68,96.72,1.64,9779.1,406.71,64,1.06,98.44,23.81,"Bitcoin Up or Down - February 5, 9AM ET"
xXxhp,0xf40f3fb00b7313bed50baed0004b0b73e3108dcf,7612.85,10.98,468,96.72,14.75,5202.19,144.72,173,2.71,75.14,0.0,Games Total: O/U 2.5
LikeLatinas,0x29ccb2084a5a42861291107ce745dd344d3f3c29,19019.4,2.79,339,96.67,6.67,12673.51,63.58,122,2.78,44.26,0.0,Games Total: O/U 2.5
marlons,0x5b72a8930fb4c7d596f7475261ac6019b36651f0,25165.38,39.89,70,96.61,1.69,25064.5,408.78,65,1.08,98.46,26.56,"Bitcoin Up or Down - February 5, 12PM ET"
flowersz,0xd99729a2665e45774c1fb0b5596ae22c5f9253f2,6098.71,3.48,81,96.55,0.0,5634.91,62.26,53,1.53,52.83,0.0,Games Total: O/U 3.5
b4k9xj2wh,0x521a8c20563ccc9e1c8ebfe5cfe6c8f9b2f8d12f,55153.01,0.97,965,96.55,13.79,2400.71,61.4,30,32.17,93.33,7.14,Will Qatar strike Iran by March 31?
wtbs,0x98e3647064b4b20c5d0e9cfb3e8783c7fc8f36f2,19815.77,29.4,68,96.49,1.75,19918.0,414.46,62,1.1,98.39,27.87,"Bitcoin Up or Down - February 13, 8AM ET"
HarryLu,0x75909969dc0a2a73fe2a996721c284efe0f6d6e0,5697.93,15.93,115,96.49,1.75,2126.37,128.11,100,1.15,55.0,5.45,Spread: Rockets (-8.5)
LudoPriclychenie,0x9e5e87b354066401a0fa9c48525fd65399ecfd91,18953.43,1.47,770,96.43,3.57,11762.0,169.37,52,14.81,46.15,0.0,Spread: Germany (-1.5)
0bdurate,0x02b65e249064de08d48654377f56b9e1d5edfbbb,12386.04,2.88,123,96.43,5.36,11246.97,78.92,89,1.38,85.39,7.89,76ers vs. Heat
zlajames58,0xaff1b207208941ba2ebf61dcdce1a405ac5549ce,8728.51,11.45,63,96.43,3.57,10538.5,67.84,43,1.47,93.02,0.0,Los Angeles Dodgers vs. Washington Nationals
nfdpa,0x2946ad661469f89aba1ce7510245d3060fa42a03,6919.72,49.0,64,96.36,1.82,6887.85,409.07,60,1.07,98.33,44.07,"Ethereum Up or Down - February 3, 11PM ET"
0x44Ef50f4A67c47044Efa972cb7dBE9878932FF3D-1719992236159,0x44ef50f4a67c47044efa972cb7dbe9878932ff3d,5147.67,0.2,855,96.35,11.68,10958.39,74.82,150,5.7,82.67,9.68,Will the highest temperature in Shanghai be 19°C on April 1?
Ellenx,0x4dd7c7d3be776cb7cdb20495d70d0bfacc570975,5166.58,49.66,70,96.3,1.85,5128.13,443.02,64,1.09,96.88,27.42,Spread: Pistons (-14.5)
goucn,0x2b1e41b040eeb5756965c3e8bc859f5c76b4fdc1,4812.28,49.56,62,96.3,1.85,4807.25,405.19,59,1.05,98.31,32.76,"Bitcoin Up or Down - February 3, 11PM ET"
peterspeaks,0x7391f3fe2944b976cd1763d702a6a5fd116704b6,12383.85,8.91,64,96.3,0.0,4679.74,119.08,29,2.21,82.76,4.17,Will UK strike Iran by March 31?
destinedwinner,0x37620b0284fafdfe32962327d776705f4f836f3d,4310.7,15.34,147,96.3,0.0,4302.54,60.05,124,1.19,95.97,4.2,Pelicans vs. Raptors
machiavelia,0x48ecc049f171a8c7758e5d351e5f6c3c6df58f36,30521.19,15.91,360,96.23,4.72,14412.34,112.36,169,2.13,82.84,4.29,Will the highest temperature in Lucknow be 35°C on April 4?
ToungePunchFartBox,0x538a6be6353a61e08aacc5e650d889f9d3210823,30289.0,8.51,686,96.23,5.66,14047.81,79.66,91,7.54,56.04,0.0,Rockets vs. Trail Blazers
KFCUFC,0xbffc7dfa40fc03f8fab03ddbf698c22ed54f1f45,12501.42,1.09,924,96.2,3.8,2147.79,126.61,153,6.04,49.02,0.0,Bucks vs. Magic
PalmTrees,0x97b56a333a8445b952e16c24e9392b6badd442f9,4786.93,2.72,861,96.18,6.87,4458.96,319.01,265,3.25,49.43,0.0,Real Madrid CF vs. Manchester City FC: Both Teams to Score
nqhnsk,0xc2e4ad69173500c40f63613f0b13a71770284743,4349.62,19.58,64,96.15,1.92,4191.0,412.7,60,1.07,98.33,35.59,"Bitcoin Up or Down - February 12, 2PM ET"
Ryx,0x0979bad57d7a1403db89cbcd9c52bf43f2138d9b,252967.29,3.87,587,96.1,3.9,67224.34,468.49,140,4.19,65.0,7.69,Miyazaki: Harry Wendelken vs Tung-Lin Wu
oafloaf,0x7cb4588ea94a159285cf5e65216e4185959d00ea,21301.56,12.03,366,96.0,6.0,20065.62,62.31,72,5.08,95.83,0.0,Dota 2: Tundra Esports vs Team Yandex (BO5) - ESL One Birmingham Playoffs
unrealisedgains,0x51727cf649ff35f254a7975f90800dea4b290581,64865.92,3.09,730,95.83,13.89,4106.54,243.59,292,2.5,90.41,0.0,Will the next Dutch government be GL/PvdA + D66 + CDA?
fervdfg,0x0be22d421b0bba013c35d48622dc809105fd7a26,15023.11,10.07,71,95.56,2.22,15071.96,383.21,55,1.29,96.36,11.32,"Ethereum Up or Down - March 4, 6AM ET"
Lukasburner,0xeba4f0b5eea60bfe6df14e2297e58d8c152a69fb,8802.25,7.78,395,95.56,4.44,5965.69,94.68,85,4.65,92.94,1.27,Fight to Go the Distance?
raistorbone,0x7b9b0cc5e85daeb5ebc50b5e86c1ea6f4d6cb900,3577.37,7.65,215,95.38,3.08,3722.69,94.92,91,2.36,70.33,0.0,Nuggets vs. Thunder
hannahmoore,0x34b7581a2207d5c7eef8f0e46f6ddbc3675c8387,11505.27,47.22,77,95.35,2.33,11506.76,461.83,71,1.08,97.18,28.99,Spurs vs. Lakers
beachboy4,0xc2e7800b5af46e6093872b177b7a5e7f0563be51,3830450.29,1.9,897,95.24,4.76,4698201.95,67.15,34,26.38,88.24,0.0,Spread: Raptors (-13.5)
max1ved,0x3c5dc3e055123c7749ab2dbc84bffc13a0917be1,18925.18,11.88,136,95.24,0.0,12356.88,109.09,21,6.48,23.81,80.0,"Will Ethereum reach $4,500 by December 31, 2026?"
IvoryDelightful,0x1ffedd52651bed29a62f371b9b315fad67c16d93,16826.34,35.92,70,95.0,1.67,16369.0,418.79,67,1.04,98.51,25.76,"Bitcoin Up or Down - February 12, 12PM ET"
HenryBeloved,0xdef488758db7bdb1942543a1a749e326810ed54b,8890.62,44.29,900,95.0,3.33,8894.1,406.85,68,13.24,97.06,25.76,"Bitcoin Up or Down - February 5, 11AM ET"
Leslie123,0x7ae83c92b7adaf725c87f457e171c27830f66f3b,5390.6,29.79,31,95.0,0.0,5695.43,110.14,21,1.48,95.24,0.0,Clippers vs. Bucks
0xAstroBoy,0x37743cb76d0e91f4c1b4257bfc8b8baa0719886e,3380.86,2.5,67,95.0,0.0,2731.89,126.77,24,2.79,70.83,11.76,Will Crude Oil (CL) hit (LOW) $60 by end of March?
4everandever,0xe6fb71f13866f1536aaec8585fc1c5ae5cfaee11,10957.29,3.9,875,95.0,1.67,2074.41,64.9,215,4.07,55.81,0.0,Atlanta Braves vs. Arizona Diamondbacks
BORIS-531,0xd4ba0c13df16148dba6f74296f3ead53e2c6f893,6287.41,3.7,580,94.74,0.0,5973.89,474.27,87,6.67,97.7,15.29,Heat vs. Pacers
Vicenzio,0xeb8368db4fcc7821bfa63fda2f43567ef50c0aa0,5567.8,47.33,577,94.74,3.51,4345.43,127.17,73,7.9,72.6,11.32,Will there be no change in Fed interest rates after the March 2026 meeting?
Faultier69,0x886ebc1070c1870a62d67427fa9781c5b1b0afd6,46678.12,7.16,261,94.59,5.41,35978.67,92.07,133,1.96,45.11,0.0,LoL: Nongshim Red Force vs DN SOOPers (BO3) - LCK Rounds 1-2
cryptowar,0xb3e24f306dac71bf343259409058041afea22c81,28891.79,13.42,121,94.59,2.7,2145.3,73.9,60,2.02,58.33,0.0,Games Total: O/U 2.5
JessieMona,0xb8fd769c31b4c3f706c3cad22c6c6edfaa4dbcb3,5442.73,49.69,62,94.55,1.82,5436.74,404.04,60,1.03,98.33,45.76,"Bitcoin Up or Down - February 3, 11PM ET"
qzzpris,0x4958c075ca2f22f77255f0611c64d95ef231a146,23008.94,9.96,162,94.44,0.0,27572.34,70.0,56,2.89,62.5,0.0,US forces enter Iran by March 31?
0x8861f4DAbc9350c8d326E3370985cAed5FC44C2E-1762656822612,0x8861f4dabc9350c8d326e3370985caed5fc44c2e,15713.91,7.96,233,94.44,13.89,12872.76,141.93,60,3.88,48.33,3.45,Spread: Spurs (-3.5)
pxclh,0x799942de5b85617d3616808296d2adcfb3ae6af0,23123.67,39.64,69,94.34,1.89,23205.67,414.42,60,1.15,95.0,33.33,"Bitcoin Up or Down - February 13, 9AM ET"
isabelletan001,0xc30b7a059dfeed5967515611283907f57f6a1b6d,13966.15,3.42,326,94.34,1.89,9619.19,154.45,104,3.13,92.31,5.21,Will Pacifica launch a token by March 31 2026?
burrito338,0x1489046ca0f9980fc2d9a950d103d3bec02c1307,176212.42,3.81,919,94.32,1.14,15119.99,426.78,92,9.99,82.61,21.05,Will the Iranian regime fall by March 31?
0xb986f5C019EbE964f96bF0240c8135f3F827d032-1767744446501,0xb986f5c019ebe964f96bf0240c8135f3f827d032,4274.42,5.43,121,94.2,8.7,3614.81,83.73,102,1.19,62.75,0.0,Canucks vs. Golden Knights
trumpnogo,0xd344f358935fddbf2f2c1472dde34686152d6862,13898.54,6.39,356,94.12,0.0,6434.27,208.42,34,10.47,52.94,16.67,Final Stage: Dominican Rep. vs. USA
Fairy531,0xc3df1cc0807c5571d36511eaa5c6730f5f8f75f8,5212.11,30.22,33,94.12,5.88,5274.88,110.14,22,1.5,72.73,0.0,Clippers vs. Bucks
dzsibenaja,0x59a513a782dd4c1a98ef22932c52191129f5afc8,137798.27,1.99,952,94.12,11.76,2704.95,78.13,37,25.73,86.49,12.5,Will Fidesz–KDNP win the most national list votes in the 2026 Hungarian parliamentary election?
Ed.foj,0x1909e2de7c065694874fa6905a5eab04799ba2c9,7989.05,3.18,471,94.03,14.93,4659.56,71.8,107,4.4,55.14,0.0,Panathinaikos vs. Paris Basketball
FlyyeR-,0xddf6d49943a89899e94bcbb1a4fc28d9885112ec,6761.72,21.8,256,93.94,0.0,6761.0,148.7,38,6.74,57.89,31.82,Will Benoît Payan win the Marseille mayor election?
badabumbum,0xc775af82c237cbcc926cdf170d31128a91d66b22,18430.54,6.28,662,93.88,8.16,12198.9,108.84,230,2.88,93.91,0.46,LoL: T1 vs Hanwha Life Esports - Game 2 Winner
Justin7.,0x62f7fd4ace7ad28862297f7d1f95a993e19c129a,15784.98,0.35,915,93.83,7.41,4920.82,119.97,95,9.63,61.05,13.79,Will MrBeast's next video get less than 25 million views on day 1?
0xA6766cD5995896bd3515023b519132a83E3ea4c5-1721373149931,0xa6766cd5995896bd3515023b519132a83e3ea4c5,50581.09,4.19,868,93.7,3.94,43983.13,71.38,252,3.44,48.81,0.0,Spurs vs. Warriors
infix,0x66b684bff04208d6f6a43499297cc1f09ebc159d,33859.28,4.72,457,93.63,2.55,27137.31,88.48,239,1.91,88.7,0.0,Celtics vs. Heat
0xc210690cbcf2e8734a0a586d42dfbd9dee0539fc,0xc210690cbcf2e8734a0a586d42dfbd9dee0539fc,5427.98,1.27,796,93.63,9.31,2162.88,61.04,366,2.17,55.74,0.0,Spread: Liverpool FC (-1.5)
fintrader,0xa5c9c873e823b9ba5df249050780dd186cd241b5,33161.62,3.21,824,93.62,12.06,3862.86,84.67,199,4.14,80.4,0.62,"T20 Nigeria Invitational Tournament, Women: Nigeria vs South Africa"
steven66,0x6f15878ec28e25744804e38ea3c57dd86c2b4be2,7385.02,34.02,82,93.55,3.23,7468.36,432.33,62,1.32,93.55,31.03,Avalanche vs. Canucks
wandabea,0x7123592304b1118f9c0d373684426381e0ed17a2,8998.66,47.27,66,93.48,2.17,8857.0,398.73,57,1.16,98.25,10.71,"Ethereum Up or Down - February 14, 10PM ET"
Notarino,0x470c26ed46d7069dc90c37a3a15caf1efc552af9,8687.21,47.91,212,93.48,2.17,8431.4,195.12,127,1.67,31.5,0.0,LoL: Movistar KOI vs G2 Esports (BO1)
0xbaa704e175da091cb1bdbcd0dce313519f3152b4,0xbaa704e175da091cb1bdbcd0dce313519f3152b4,16331.6,6.04,52,93.33,6.67,13493.83,96.11,30,1.73,73.33,27.27,Will Manchester United FC win on 2026-03-01?
gaietyalarice,0x34d43f32f4474d011c2395b29e5dd3cc5f680af9,11079.68,49.65,447,93.33,2.22,11075.0,360.9,53,8.43,98.11,5.77,"Bitcoin Up or Down - February 7, 4PM ET"
0x89323a45113F9abDbB2E65C6ea276d736CEFEb14-1767467811684,0x89323a45113f9abdbb2e65c6ea276d736cefeb14,6038.79,25.95,214,93.33,6.67,4748.52,70.61,44,4.86,22.73,0.0,Santa Clara Broncos vs. Kentucky Wildcats
Germainef,0x32feb283aa67f02c01865d27a6b0d30f5353e9f4,30942.53,17.69,63,93.02,2.33,30858.5,360.4,52,1.21,98.08,3.92,"Bitcoin Up or Down - February 13, 8AM ET"
drakeramore,0x5a39e5c7c40de63294d596b06124eec78ea29e71,6121.17,10.44,245,93.02,2.33,2617.3,130.12,55,4.45,87.27,0.0,Rockets vs. Kings
KURAKAO,0xd043d8bdca05c5f9ecdf75df3c6681ac74ca7e85,97182.39,10.53,930,93.0,12.0,80203.24,316.43,108,8.61,59.26,15.62,"Will Ethereum reach $3,000 in March?"
qifengle1,0x8cc72766320fe830054348fdfb61040d6f650602,31363.7,5.93,684,92.97,7.03,30733.75,98.76,232,2.95,84.05,2.05,Xinjiang Flying Tigers vs. Ningbo Rockets
JakeHursty,0x150cdb452af4fac407828b8b70240ef1fa25add3,4799.51,2.95,263,92.97,14.06,3343.71,90.98,152,1.73,56.58,1.16,Colorado Rockies vs. Toronto Blue Jays
valueorbubble,0x64535134ebf4f57daadbe5afb7f0bfc20d4a5553,5700.41,3.13,885,92.96,4.23,3100.18,247.2,110,8.05,80.91,57.3,Will US withdraw from NATO before 2027?
NaftaliTusna,0x355a86bf5e3b2863dc72b8dd1492f901476b98a6,2224.51,8.63,472,92.96,5.63,2543.8,430.66,279,1.69,90.68,10.67,Pacers vs. Thunder
vitabartolet,0xbd152a8f3e8dafe3474c98da221b5f8435f0ba31,13609.89,34.96,29,92.86,14.29,13348.74,166.71,24,1.21,62.5,0.0,Will Sporting CP win on 2026-04-07?
Lucky8s,0x94fcb0dd6f094e48441535500e0b347d95167162,4766.14,5.83,52,92.86,3.57,4591.24,111.46,42,1.24,85.71,5.56,Timberwolves vs. 76ers
asfvrr008,0x98d8b7383e64a2c66c21095168ab0f06b6e51552,6396.26,12.64,36,92.86,7.14,4009.19,106.89,22,1.64,59.09,0.0,Spread: Pistons (-2.5)
Louises,0xd250226c405a3bd6491713eb8e35a5c5a90e5e4c,18448.9,37.94,82,92.75,1.45,18471.23,410.21,75,1.09,92.0,39.13,"Bitcoin Up or Down - February 10, 12AM ET"
joshua30,0x8b50c703f1ec0f7dd2b417cabd0e3bc9d64d0f56,7236.97,39.09,68,92.5,5.0,7228.92,428.13,62,1.1,95.16,33.9,Trail Blazers vs. Thunder
Kingdmandan,0xb915070c8007b1bdf4b1ef04e56b066a022e8da5,69456.01,3.0,536,92.5,5.0,4301.76,161.53,75,7.15,49.33,2.7,Spread: Clippers (-4.5)
PredictFolio,0x583e1ca6fa0b93201a771e09f223bfe4c8071d4b,7608.71,0.35,580,92.5,10.0,2459.57,329.29,80,7.25,77.5,0.0,Will the US strike Iran next?
0xbandit,0xae234bfddf7eee7c687a25c425532838eaee142e,34675.23,5.18,533,92.31,0.0,16272.19,127.82,99,5.38,17.17,35.29,Will DeepSeek have the best AI model at the end of March 2026?
alexandernicole,0x4f89d81e5f62d4c207efbc8b9d81ea3ef5382b03,3524.17,19.34,69,92.31,5.13,3522.3,422.56,64,1.08,96.88,25.81,Spurs vs. Lakers
cryptojess,0x5a54212d9ce9bdfdb8228a4c0130c92bfbd3ba75,3645.52,2.66,326,92.31,7.69,2056.02,60.33,30,10.87,10.0,66.67,Iran x Israel/US conflict ends by March 31?
lvcsh,0xf98c21e24643807becf80f03e1c7ffc628d4bf06,12071.44,7.23,117,91.84,4.08,2732.63,512.05,85,1.38,96.47,2.44,T20 World Cup: England vs New Zealand - Team Top Batter England Winner
Deanss,0xf4ea50b90a2b6ac55b21617b253f178246e90a58,11873.25,49.88,68,91.8,1.64,11864.53,444.28,66,1.03,96.97,26.56,Grizzlies vs. Pistons: O/U 230.5
vzvz,0x032028103de54f0c80115d8d7b9c2e967a3ed00f,4804.98,5.6,224,91.74,0.0,2707.68,491.08,130,1.72,76.15,47.47,"Will Russia capture Bilytske by April 30, 2026?"
0xB29304109238401,0x97e1e8027dd31b5db1467bb870c4bc0d1637ae74,110853.78,26.94,978,91.67,12.5,16456.01,61.9,36,27.17,58.33,0.0,Trump announces end of military operations against Iran by March 31st?
basepl,0x189ee2fb7fc4c16ff9d5fae0d45cdd5cab632113,4118.84,10.66,102,91.67,8.33,7553.08,89.76,18,5.67,61.11,0.0,US escorts commercial ship through Hormuz by March 31?
mdmdd,0x5df0e762c62e5cc5ef477f05d027798d84e1754c,8986.78,70.82,123,91.67,0.0,6841.05,158.14,35,3.51,65.71,0.0,Spurs vs. Nuggets
JustAnInchident,0xd008ef6f4e3b8e7903323a6989a0e2e883169171,6342.56,21.01,19,91.67,0.0,6427.3,131.69,19,1.0,63.16,8.33,Knicks vs. Cavaliers
davester18,0x89961868837749331b85636b9f93f318ea3dfbce,91211.81,1.46,943,91.67,14.58,5419.53,134.35,79,11.94,51.9,2.44,Will Real Madrid CF win on 2026-04-04?
JohnWitcher,0xfae333556e316747ff6c4e329b5b823a4526f1c9,3886.75,6.63,195,91.67,4.17,2883.98,375.85,56,3.48,73.21,9.76,Will Arsenal FC win on 2026-03-01?
CrashOverride95,0xfa51dc9eba171d101ae30f9610d931c2b279a6dc,3018.33,0.5,938,91.67,11.11,2457.53,342.25,74,12.68,72.97,35.19,Kim Jong Un out as Supreme Leader of North Korea in 2025?
TheArchitect76,0x854dd4db9230143f19bccfd6850aacb6facbdeb0,27860.72,7.76,692,91.57,13.25,7242.14,83.82,163,4.25,92.02,2.0,Will Fabiano Caruana win the 2026 FIDE Candidates Tournament?
kl1v,0x5999ebfa145490e0280dd246856a5b3605f7ae94,19292.02,3.07,809,91.5,7.0,4216.07,251.56,218,3.71,80.73,7.39,Trump approval Up or Down this week?
EscalateFund,0x998154d8eb4ba7c4b34b10d76b9742d922d7dec4,214437.97,1.75,931,91.49,12.77,67505.09,62.0,50,18.62,80.0,5.0,Iowa Hawkeyes vs. Clemson Tigers
warking,0x371edb77f5dc8951dd9d078c3285c6fcd2bcb4be,12294.43,10.12,270,91.43,11.43,51043.88,66.95,212,1.27,73.11,43.87,Knicks vs. Raptors
0x9eb1f9602242b2218F55275fbAb16E7EB239fC21-1762686019890,0x9eb1f9602242b2218f55275fbab16e7eb239fc21,32675.11,15.42,459,91.43,0.0,4440.73,87.95,36,12.75,91.67,0.0,"Will Israel strike Lebanon on February 3, 2026?"
Joao1818,0x7256d05b50e94ca659674421cb38e60d1d7f30c9,3963.78,2.66,690,91.39,1.64,2610.74,290.93,516,1.34,51.74,0.75,Guardians vs. Astros
ihenderson,0x81ca6406f3d6a5a8a22c27cb4b1541a04abc161e,9379.93,39.52,84,91.11,6.67,9369.39,448.89,65,1.29,93.85,22.95,Villarreal CF vs. Elche CF: Both Teams to Score
bozotys,0xa160602da183fdce0122bc927e7fdb9d36c67b21,43111.92,2.96,921,91.03,3.85,4432.73,112.7,82,11.23,78.05,3.12,Opensea FDV above $100M one day after launch?
HomelessBum,0x9e0357ca6b8b232165ce5981c500212befc66f34,73103.66,15.26,164,90.91,9.09,60899.92,60.41,12,13.67,83.33,0.0,"US strikes Iran by December 31, 2026?"
lmmmmmdd,0xa175d60a7dc00ff9f11aaa5ae1b2b256bead065d,11525.35,48.19,233,90.91,0.0,11389.37,61.08,21,11.1,52.38,18.18,Will Arizona win the 2026 NCAA Tournament?
WillFS,0x22d33cd798450c3e6e3b971e58f8a26a8710c969,11654.82,4.69,627,90.74,12.96,8230.33,190.86,76,8.25,52.63,32.5,"Bitcoin Up or Down - March 14, 7:30PM-7:35PM ET"
Grandesize,0xc49f51f8b116f9b8511ef01a1eb73a1e2b96b291,7950.62,3.9,89,90.62,6.25,7515.03,77.97,60,1.48,50.0,0.0,Spread: Avalanche (-1.5)
HypurrBurrito,0x21d8dd7917fd13a6ef152e3368512f01c50aad91,12289.0,2.57,641,90.55,9.45,10358.07,255.09,261,2.46,88.51,5.19,Spread: Lions (-6.5)
0x7E834b8C9bEF2161A58C4Ba065645B731bc64bD3-1765491336552,0x7e834b8c9bef2161a58c4ba065645b731bc64bd3,13068.45,5.46,235,90.54,1.35,7002.48,112.12,137,1.72,51.09,0.0,Will SC Bastia win on 2026-04-03?
PresidentDonaldPump,0x1ee07513d91d3e4ba7e4a119aa7cd379605eae41,27266.58,3.36,457,90.54,4.05,2040.78,525.12,85,5.38,83.53,8.45,US x Iran ceasefire by March 31?
r3p23,0x82bbd689814ad868a2afdc54e0c7a201be634b3e,10628.88,19.85,79,90.38,7.69,10299.15,444.28,66,1.2,89.39,20.34,Bucks vs. Heat: O/U 231.5
rai10runz,0xa95c9122741b10d265921fb6b7ec112916241b63,5516.92,23.2,142,90.38,9.62,5164.55,82.84,79,1.8,59.49,21.28,Illinois Fighting Illini vs. Iowa Hawkeyes
0x581EA5F2d4f413993D5965cEdf02B7F5135EbDEA-1769648632694,0x581ea5f2d4f413993d5965cedf02b7f5135ebdea,4145.26,33.0,255,90.32,3.23,3456.26,65.02,46,5.54,41.3,5.26,Will the highest temperature in Seoul be 9°C on April 5?
bigtoetiger,0xa7c1f914724f1c37a1e723ce5c9ac295ec8e0193,37213.65,15.06,325,90.16,11.48,7744.62,523.79,124,2.62,57.26,26.76,Khamenei out as Supreme Leader of Iran by June 30?
swagalier9,0xe9157b6c26f920d23eb1b1bbf8ecfbb741ad4a53,3114.78,3.08,815,90.16,5.18,2551.51,203.78,252,3.23,63.49,11.25,Will XRP reach $3.20 before 2026?
pnacua,0xba69b9bb25ad1af88843051703875c9911848e9d,63306.87,11.82,619,90.0,10.0,61327.15,106.04,40,15.48,80.0,6.25,Spurs vs. Warriors
SDTASFG,0x05bf53da9fd4b7b7f9ea000f7ad8bc8d7220cc7b,3826.92,46.87,73,90.0,5.0,3243.94,174.88,29,2.52,51.72,13.33,Canadiens vs. Rangers
kmcgeever1,0x22da1a1fc2b14f5c76b0e179048734c015ef2866,7795.19,4.53,920,90.0,1.43,2721.9,297.5,137,6.72,46.72,1.56,Spread: Hawks (-2.5)
Peanutbettor,0x662244931c392df70bd064fa91f838eea0bfd7a9,137279.69,9.3,930,89.86,13.04,15842.76,129.75,75,12.4,54.67,21.95,Will Victor Wembanyama win the 2025–2026 NBA Defensive Player of the Year?
Elphem,0x9fddcfa82241c20432b5b4c238afd1fe1a5d3608,3919.91,5.32,186,89.83,11.86,3920.91,65.82,76,2.45,77.63,0.0,Galatasaray SK vs. Liverpool FC: O/U 1.5
imnice,0x99518fa0d201e7542ea2b852809da5a5c8d811bd,20424.11,3.86,389,89.74,7.69,8725.7,179.49,48,8.1,85.42,7.32,"Will Israel take military action in Lebanon on March 20, 2026?"
daylarry,0x96ca00208d5882c9f6500f693f438e7fce2513c1,7884.01,34.36,70,89.74,7.69,7882.35,438.58,63,1.11,93.65,28.81,Angels vs. Yankees
fmfd,0x7ae890f143505f7b3e689793462674ac6cd617da,8683.88,47.05,86,89.71,2.94,8498.0,409.01,75,1.15,90.67,38.24,"Bitcoin Up or Down - February 5, 1PM ET"
Canesclean,0x13ff290849c6fef06efde63dfe643e62767716a3,77299.8,9.51,932,89.47,10.53,31317.12,261.2,68,13.71,82.35,33.93,Brewers vs. Mets
barbecuesauce,0xabf3564ed275c353c92ec39f88539056e7c045a3,3495.72,0.12,952,89.47,3.51,3429.81,109.85,90,10.58,51.11,13.04,Will Trump nominate Kevin Warsh as the next Fed chair?
wealldisagree,0xaab29ce85ffe220ef9e8c9167ffa466ff5fba999,17953.17,6.02,568,89.39,9.09,3315.21,563.09,98,5.8,86.73,4.71,Counter-Strike: TheMongolz vs BC.Game Esports (BO3) - PGL Bucharest Group Stage
username23,0x09dfd39ee5164e47e2a561634c8317fd7ec35ca9,22048.42,2.97,813,89.25,8.6,3569.03,449.37,137,5.93,42.34,1.72,Dota 2: Xtreme Gaming vs PARIVISION - Game 2 Winner
temafloram,0x0a2448ace3edd7deb995e6f4a6e7376623b24a1f,72685.68,8.97,637,88.89,11.11,65376.62,156.11,170,3.75,82.35,0.0,LoL: Top Esports vs Anyone's Legend (BO3) - LPL Group Ascend
Qiiiyo,0x3cd24842cb61da35ee1b6609604667c69c0231f4,17687.46,9.93,15,88.89,0.0,19450.0,64.78,10,1.5,70.0,0.0,Spread: Seahawks (-4.5)
treatost,0x77924f56545ad309e1581d753dd5e1f0d926b63b,8208.81,1.67,662,88.89,9.52,8101.37,338.91,95,6.97,91.58,1.15,Pistons vs. Wizards
hu15pl,0x6dd9d5a1fe8021317c477104a0131205ecda8cc1,48346.55,4.12,853,88.62,7.19,4029.66,155.58,178,4.79,68.54,2.46,Will ChatGPT be #1 Free App in the US Apple App Store on April 3?
ELICHOU,0x312bcca3bc77bdc1d37dc6db5b9c1493de61cafe,17546.65,3.0,914,88.57,0.0,2093.07,243.24,55,16.62,16.36,22.22,US recognizes Russian sovereignty over Ukraine before 2027?
cyc0lin4,0xbf2c878cd5d6043697b32067be141647deeb097c,74567.34,6.07,880,88.24,5.88,58798.31,65.68,54,16.3,77.78,2.38,Will Israel launch a major ground offensive in Lebanon by March 31?
LimitlessRanger,0x7dba0867a1f41922bbf5887330451bd5e89db54d,6952.67,10.57,93,88.24,0.0,2098.86,199.1,42,2.21,57.14,4.17,"Will Ethereum reach $2,400 February 2-8?"
userol,0xb24ecfea1ce3c27e45211044f04da8d6eaf8c0be,9505.13,2.35,631,88.0,2.5,4976.95,170.16,209,3.02,75.6,48.73,US forces enter Iran by April 30?
Zaunkoenig,0x9c6cecbb5541e2706d26b01389992af0db5b00b9,63848.96,16.01,571,87.84,14.86,36844.61,159.15,103,5.54,74.76,7.79,Will the United States win the most medals in the 2026 Winter Olympics?
Foess,0xe558bb7b02ea489d772bd34f14cc845e391fdcd2,28686.99,5.22,376,87.5,4.69,10589.83,108.44,101,3.72,62.38,1.59,Pelicans vs. Kings
dhanyy,0xe931d47377746c3f02c5ebc73dbe4faf271e0aca,3639.03,5.46,62,87.5,12.5,3168.91,96.18,16,3.88,43.75,28.57,Jazz vs. Mavericks
BuyLoLSellHi,0xf3533097ddbc27116539f3f4bebb1c4a01cfb287,18823.63,2.07,627,87.36,9.2,9731.93,105.67,346,1.81,97.69,0.0,Games Total: O/U 2.5
batto,0xe01c734a7d8eb7f30113654f884d8f4ef06e7f6c,3477.62,3.44,216,87.36,9.2,2092.68,71.55,130,1.66,53.85,0.0,Timberwolves vs. Mavericks
Drpxl,0x69504825bc6269242932512a4dc704532bebb32a,6363.76,5.63,155,87.23,0.0,8923.5,549.56,84,1.85,61.9,25.0,Pete Hegseth out as Secretary of Defense by June 30?
DontTrustMe,0x04039b3e116a67715eb5a13c1486724ed66ca7ee,7646.26,18.13,588,87.23,2.13,2166.52,391.26,62,9.48,48.39,33.33,Lecornu  out as French PM by October 31?
0x31b6c31371AE09113aE9995e3B93d6BDc35c2d92-1725435223904,0x31b6c31371ae09113ae9995e3b93d6bdc35c2d92,13369.21,2.69,482,87.07,3.4,20467.83,570.93,307,1.57,74.59,6.55,"UFC Fight Night: Israel Adesanya vs. Joe Pyfer (Middleweight, Main Card)"
jiaf,0x13ea941c21c78ece0a2e25ea438e938cdfdb9a8c,12550.07,2.87,862,86.96,7.83,7351.7,89.74,178,4.84,58.43,0.0,US x Iran ceasefire by April 7?
fruit20,0x9d72a2a6edd8afb8d2fb6943ccdd90f9088802d0,3699.0,4.99,393,86.96,4.35,4757.62,103.81,66,5.95,93.94,0.0,Call of Duty: Vancouver Surge vs FaZe Vegas - Game 2 Winner
bullrunn,0x492082c4c904695f891bb8e27f534ced69c22b87,5452.33,26.71,195,86.96,13.04,3024.73,83.93,34,5.74,58.82,0.0,Bruins vs. Panthers
Tumors,0x80fcb27d26ceb20f6fd8a8e924fc02daf736d404,4493.56,9.38,248,86.92,5.61,4387.58,188.08,157,1.58,61.78,15.46,Suns vs. Spurs
pop,0x6404bfa37fe830e29ee8967e1c3b2a8091d5f250,29000.98,3.04,845,86.89,8.2,3432.22,379.48,84,10.06,70.24,30.51,Israel and Saudi Arabia normalize relations in 2025?
Larry88,0x79929dfb11820a017fb7a51faf536a55bdbd48bf,68199.84,1.71,983,86.67,0.0,21877.33,61.2,15,65.53,20.0,0.0,Will Mette Frederiksen be the next prime minister of Denmark after the 2026 parliamentary elections?
xaigri,0x747200ad2175b54fb2595060a3d89bebe4ad645b,18264.2,32.17,350,86.67,2.22,15667.69,122.66,85,4.12,63.53,46.3,Will Javokhir Sindarov win the 2026 FIDE Candidates Tournament?
FCC,0xb74b75740fc0f85c0918245584a7cfc31821f6b7,2202.51,3.87,945,86.67,15.0,4345.58,82.17,112,8.44,41.07,0.0,Spread: Thunder (-8.5)
maxdawg,0xc9f9a7610efa67b8614c3152f50af2bd9db6c5e8,75539.15,16.2,718,86.57,4.48,49759.8,209.92,102,7.04,44.12,37.78,Based FDV above $500M one day after launch?
Bella912,0xd070a2162b7df4c9d56dc4680fd20f46e5f8d0f6,3452.89,23.77,35,86.36,4.55,3603.88,110.14,25,1.4,84.0,0.0,Magic vs. Raptors
iuoip,0xaff0ce80d8ad89ea1689b66aa8981bb04ae16223,4825.05,13.55,183,86.36,0.91,2381.18,496.58,136,1.35,72.06,37.76,Trump out as President by April 30?
poatan,0xdf66206f9110a3d2d43223668b2628a95d11e823,5152.89,4.09,735,86.23,6.59,3130.18,136.71,280,2.62,90.71,0.0,O/U 1.5 Rounds
Polkom362,0x0d2a12c7ba94cf3ffcac24674da5d0622589587e,3816.48,11.28,102,86.11,11.11,6705.02,155.34,48,2.12,75.0,2.78,Pistons vs. Timberwolves
2TE,0xe903187c02e8299a7bb28af22c1f560a337d6adb,17914.33,2.93,839,85.82,9.93,15264.95,166.89,190,4.42,74.21,0.0,Spurs vs. Clippers
whiterussell,0xf3925d3663ceaabc8088416209529720c85a0d59,13261.37,50.33,75,85.71,11.43,13295.34,439.03,65,1.15,92.31,28.33,Spread: Pistons (-1.5)
EmmaGG,0x8edb8a5b2b5a61bd9fe0f0c0a167e89dc526a929,3422.49,30.86,186,85.71,0.0,6014.91,67.69,11,16.91,27.27,0.0,Will the Tampa Bay Lightning win the 2026 NHL Stanley Cup?
yodamandalorian,0xc9def005719e011d8a64f75efb55636baff7c026,3701.55,7.65,166,85.71,7.14,4227.47,135.79,25,6.64,96.0,0.0,Counter-Strike: TheMongolz vs Spirit (BO3) - BLAST Open Rotterdam Group B
xXFrameMoggedByFratLeaderXx67,0xc2c1a8c92e4c6d2628ef9c6a262411a44e459fe2,26218.66,0.58,595,85.07,7.46,6274.22,133.99,240,2.48,92.92,3.14,Spread: Manchester City FC (-1.5)
qwedas,0xb10a790e3cdd3b3ff11ffe7780fec523be77b4da,4434.65,14.99,253,85.05,0.0,2240.24,482.9,116,2.18,79.31,51.09,Will Lille win the 2025–26 French Ligue 1?
uloo,0x29d470324c3296585a2a617a47de7258185641fb,7060.35,5.94,322,85.0,5.0,3684.21,153.58,82,3.93,64.63,9.43,EdgeX FDV above $700M one day after launch?
yrtwet,0xb25d2e1946f8b192a29f6fd1f89ac6ccd74ec952,5277.83,15.19,168,84.91,0.94,2164.61,486.69,121,1.39,75.21,45.05,Cavaliers vs. Lakers
Pinkfong,0xb98eaac2a5fd3ee9dfad64c0af1e5f59da578823,15087.92,2.56,750,84.86,12.35,5683.42,72.72,409,1.83,48.41,0.0,Spread: Lakers (-3.5)
uboyd,0xd9a67fb1480dbbfb3e20d09aa4c5170e9802ade4,4967.08,20.45,73,84.85,12.12,4973.44,418.69,62,1.18,93.55,32.76,Spread: Chelsea FC (-1.5)
axio,0x6e2ca758f5d1e712bca94512ef502f1641c8bd51,2878.34,20.98,326,84.85,6.06,2629.08,377.98,113,2.88,78.76,20.22,Clippers vs. Pelicans
katiestanley,0x43d117ee579128db0324694f64483b7faf8e8e38,10000.55,41.83,76,84.62,12.82,10033.23,420.33,69,1.1,91.3,34.92,Spurs vs. Lakers
Gamblingmoney,0x072cf24b0b9f75d2d824e0187be7702a96f4f037,9905.57,4.5,24,84.62,0.0,-36176.46,129.96,21,1.14,90.48,42.11,Will Real Madrid win on 2025-11-30?
pablitop,0x3335de45972fd32e5d8a3b689e772147f2693656,17547.35,9.33,544,84.52,5.95,16212.82,176.09,124,4.39,87.9,1.83,Mavericks vs. Trail Blazers
Jerking,0x42eca92a593ce0e8600fec05c50670e0ead3ad28,3450.35,22.22,222,84.4,10.09,2491.49,170.51,136,1.63,66.91,10.99,Pelicans vs. Jazz
maduroisq,0x75d4c19708ad084c1cf6a10cfdf528c76fd94027,25812.1,8.12,960,84.31,5.88,6547.38,68.78,58,16.55,48.28,7.14,"Will ""The Dinosaurs"" be the #2 US Netflix show this week?"
linker.eth,0x6cc26e518e851600a12fd93260f62aefcf90a786,5849.61,8.17,217,84.21,0.0,5031.43,123.25,20,10.85,15.0,0.0,Ink FDV above $500M one day after launch?
KHGDYHD,0x9be45419e10b05fce7e9035531a356017ed7ffb9,4719.42,42.35,52,84.21,0.0,3797.22,172.86,32,1.62,46.88,13.33,Trail Blazers vs. Clippers
heatherrobinson,0x44eab776872120bc46efb8e23fdcc08709b200c7,9018.02,37.65,81,84.09,13.64,9008.64,445.33,71,1.14,91.55,26.15,Juventus FC vs. Pisa SC: Both Teams to Score
randomtrader1,0xd3394d85e1c3f2990e348d1432eed4c781b1d3a1,14218.61,1.76,926,84.06,11.59,3843.99,604.06,104,8.9,50.96,18.87,Penguins vs. Flyers
lrqrq,0x8a76a3734d59dd74647c89096adf95ea5961d543,11123.92,18.02,258,83.89,3.36,5585.46,493.97,167,1.54,71.86,40.83,Will Tiger Woods play in the 2026 Masters Tournament?
ElerKsan,0xb7b3849922302dbce4b2015cbd81edb0c94fbe6c,27847.78,6.51,431,83.78,13.51,17306.7,141.54,51,8.45,37.25,84.21,Ink FDV above $250M one day after launch?
Winbiggg,0xf17123a188359a0938e444c114d28b5f4c6385fe,4029.58,6.45,170,83.7,2.17,3452.26,534.09,136,1.25,83.82,5.26,Games Total: O/U 2.5
Lpuss,0xfc51627cc66abf4600196d8071f69bc26b339aa4,21537.11,13.55,35,83.33,0.0,34354.0,63.44,18,1.94,16.67,66.67,Will Israel launch a major ground offensive in Lebanon by March 31?
0x0a4a0FcD7267DA6BD049B2445D91b5E07bEBE049-1768249382109,0x0a4a0fcd7267da6bd049b2445d91b5e07bebe049,19462.84,9.2,505,83.33,12.5,15564.2,75.56,36,14.03,58.33,4.76,"Will Israel take military action in Lebanon on March 28, 2026?"
eqwe,0xfd90b7380d567e4f17705228577ff6f1b972b6ab,4511.67,13.78,218,83.33,2.63,3968.65,479.09,116,1.88,70.69,45.12,Will Donovan Mitchell win the 2025–2026 NBA MVP?
Inari,0xc829e4bb10868dc8fc3520505b433c372bd1cad3,6208.92,7.25,618,83.11,2.03,3060.61,154.9,346,1.79,91.33,34.18,Magic vs. Hornets
dmteam,0xca6824ae8021a863e588c140c9b33e2f15b954eb,4430.14,5.69,587,83.02,0.0,2175.48,173.82,53,11.08,52.83,42.86,"Will Ethereum dip to $1,200 in March?"
bizarroworld,0xeede126b67fc64bc36ca5adea94531ebb3708a73,53491.98,2.13,919,82.86,8.57,24580.21,80.13,35,26.26,8.57,66.67,Pam Bondi out as Attorney General by March 31?
azzzzzzzzz,0xaba06aaf3d1fe58bb5a5e4b17856599f8e9552ca,146231.62,11.2,70,82.61,0.0,26647.56,79.84,29,2.41,89.66,3.85,Will Illinois win the 2026 NCAA Tournament?
slamjampeter,0x4825c873a8c890bdaff00d253a23e8e09eb95ec5,21402.52,1.22,905,82.61,8.7,5687.16,74.06,34,26.62,70.59,8.33,Will Gavin Newsom win the 2028 Democratic presidential nomination?
mulah,0x744a283ddda3533d6abf89240bfe2f43201a923b,12044.68,11.5,138,82.35,5.88,11104.33,115.77,18,7.67,38.89,28.57,"Will US or Israel strike Iran on March 1, 2026?"
GDTHDFJ,0x4186c86e26b0ec8510d352470f1f4a9918985ab5,4199.2,49.26,30,82.35,0.0,2785.78,151.75,22,1.36,59.09,0.0,Grand Prix Hassan II: Vit Kopriva vs Hamad Medjedovic
deckerbenjamin,0x476dde5fd3b482c8000e213c03b70e7e528d22ab,5238.89,21.02,112,82.22,8.89,5241.64,461.54,70,1.6,88.57,22.58,Spurs vs. Lakers
hartmanjacob,0xc8de027efd7bbe97886f0c2c41c040e5d7740b20,7991.24,34.24,91,82.0,12.0,7955.6,463.2,74,1.23,90.54,26.87,Pacers vs. Raptors
ivikt,0xdfc983d8c361103661167a59df7bb1e8059e7552,37814.47,3.05,726,81.82,3.03,14866.89,159.11,43,16.88,41.86,44.44,Backpack FDV above $200M one day after launch?
Wtygoodjob,0x663226e8defa967e380291533695372e645092a0,2868.94,24.2,84,81.82,0.0,2685.86,95.86,18,4.67,27.78,20.0,Will Crude Oil (CL) hit (HIGH) $110 by end of March?
miggles.eth,0x22c63e3c8f9381d8944cf26bcb78f90a78b7cf2a,8879.64,3.41,848,81.67,11.67,6333.16,274.29,151,5.62,72.85,3.64,Rockets vs. Bulls
bowlingforsoup,0x36d7e00d8ffb57388b56f4f1e850ce67d9989b78,50566.16,18.28,166,81.58,0.0,44098.73,124.96,60,2.77,43.33,46.15,"US strikes Iran by March 31, 2026?"
asd234,0x1e71bd36835225a7832f229bfdd6bdfeaac56bbd,28356.34,47.63,65,81.58,0.0,28376.0,323.8,49,1.33,81.63,2.5,"Bitcoin Up or Down - February 8, 12AM ET"
Cristiano7777,0xcf17ac6cc165cf262e6057ad34914a13232d6cc6,8419.21,12.53,211,81.48,11.11,5729.57,73.71,45,4.69,31.11,7.14,P2P FDV above $5M one day after launch?
Cleareyes,0x06a2576e935cf05126105bdae75e8ff814630acb,41107.07,3.32,903,81.25,12.5,31351.18,85.47,91,9.92,17.58,6.25,Connecticut Huskies vs. Duke Blue Devils
jadexxade,0x5792bdaa99c199ef461ca95abf46b70f2f5dd1d6,119310.7,15.29,70,81.25,6.25,13300.36,65.29,25,2.8,60.0,0.0,Will Illinois win the 2026 NCAA Tournament?
Cryptocool,0x2350986f0b79cf795d73251e78814e23c5f7570e,4513.34,1.79,718,81.25,6.82,4346.54,275.14,298,2.41,53.02,18.99,Nuggets vs. Jazz
FGDS3,0xf1fcd15b9bf4a3b242a36c1ee38a9f04452d0de5,4483.17,45.13,55,81.25,6.25,4293.3,179.43,29,1.9,44.83,30.77,Connecticut Huskies vs. Illinois Fighting Illini
bolla-577,0x7c8b2af934eed0bad9b7437e927ef09c0ebca211,38204.08,7.97,919,81.18,11.76,20247.18,138.9,102,9.01,45.1,17.39,Will Russia capture all of Huliaipole by April 30?
DaisyFawn,0xc9cdecc96e562a11ece43f9936179ed3fa82a93c,8351.96,22.6,68,80.95,0.0,8767.39,346.97,54,1.26,81.48,4.55,"Bitcoin Up or Down - March 3, 3AM ET"
bxbsd,0xd47bcf828e16bfc49e7850952b2865ca9c099d2c,3468.37,11.61,191,80.95,0.0,3907.53,479.85,113,1.69,74.34,48.81,Will Cade Cunningham win the 2025–2026 NBA MVP?
Serega38,0x419be42e6a9899d6ce2b443d17052a990b3f0944,55582.75,10.77,154,80.56,11.11,59220.24,77.35,54,2.85,61.11,0.0,Predators vs. Golden Knights
0xLuck,0x7d51f58c68b427d113d5c84b508161d4e0286f1f,3767.43,4.72,971,80.26,10.53,2935.98,71.9,78,12.45,34.62,0.0,"U.S. forces seize another oil tanker by February 28, 2026?"
esports094,0xb04678931c6e75f0573a751c73439be343eea7dc,20785.77,6.45,911,80.23,5.81,15518.43,554.58,93,9.8,74.19,10.14,LoL: Top Esports vs Team WE - Game 1 Winner
dewgtyu,0x03d10f586739900ca68f5fd9f3dbec809ea9f55d,22830.76,47.13,66,80.0,0.0,22912.5,321.46,46,1.43,80.43,10.81,"Bitcoin Up or Down - February 5, 9AM ET"
zber,0x59f1bead500fca3db9483f76fba8832e3c0ca693,21045.83,6.57,458,80.0,0.0,17139.84,104.05,26,17.62,80.77,19.05,LoL: G2 Esports vs Bilibili Gaming (BO5) - First Stand Playoffs
PussInBoosts,0xa9c95895ea54d11f922375b197a35352396b224c,16038.52,19.8,182,80.0,6.67,15645.17,62.62,19,9.58,36.84,0.0,Will Iran strike Lebanon in March?
Rough-Tigerflow,0x7b2e0880807cc19f553c9569c873f23a770b36fd,21848.72,7.1,301,80.0,6.67,12757.42,93.13,57,5.28,56.14,46.88,US/Israel strike on Fordow nuclear facility by March 31?
grazh,0x5a8223b94f99134df0d853cdeae15ba4e8d1206a,11063.87,23.05,97,80.0,5.0,10235.98,106.27,26,3.73,61.54,56.25,Will Gavin Newsom win the 2028 Democratic presidential nomination?
iranmustbefreed,0x90d42b38aa7ec4733f5dfb8cfd76ba258c6912c2,7186.35,4.45,175,80.0,0.0,6905.85,78.7,13,13.46,23.08,100.0,US forces enter Iran by December 31?
LEICHTT,0x412ca841b9afe1dcb7ca9f2939821644cf5e97d3,38340.52,7.98,33,80.0,0.0,3943.19,77.36,12,2.75,66.67,0.0,Will Illinois win the 2026 NCAA Tournament?
rewardfarmer,0x53bffcbff36055113b8775ae488e9bda0988bc10,15051.74,5.07,888,80.0,4.0,3477.63,188.3,42,21.14,47.62,15.0,Will Big AI be out as #1 Free App in the US Apple Store by April 15?
ElonMuusk,0x0b97ea3d3ed3fd6d8b3d44749fa34721cfc4e4f1,8587.45,3.72,796,80.0,11.11,2964.53,442.7,78,10.21,60.26,19.15,Ledger IPO closing market cap above $1B?
kp12345,0xf0f7bbfceff5f2bd4283d88143b40a97e0598c0b,2185.15,5.73,19,80.0,0.0,2664.71,60.08,13,1.46,15.38,0.0,Will the Iranian regime fall by March 31?
Loganmason,0x20fa9bae7eb170bb0fa2fcf37223a18bf69119f7,6666.61,10.34,253,79.73,13.51,5170.91,249.59,88,2.88,52.27,8.7,"US strikes Iran by March 7, 2026?"
vasos7,0x69a0f4a339b680f84058661028607b2b5374e5f6,13459.35,8.09,201,79.63,9.26,8420.13,306.24,66,3.05,50.0,15.15,Grok memecoin wallet hits $1M before April?
asasf324,0x345ffe16a44ec06376e1fbcab7aa40870e1e5301,11153.1,49.02,62,79.55,0.0,11153.1,327.46,49,1.27,83.67,9.76,"Bitcoin Up or Down - February 11, 4PM ET"
BeanieSeagull,0x1769f451899a6aed539f668339ed304ebc2a974e,7738.82,3.57,832,79.12,2.2,2285.52,287.51,108,7.7,58.33,25.4,Seahawks vs. Patriots
drakelover,0x0f38df669d2a0ad4f534eae732ab9098c409ff4f,19994.59,0.66,324,78.95,8.77,19973.33,87.28,120,2.7,70.0,20.24,US forces enter Iran by March 31?
amberheard,0x6d3fa0200fec1dbcf4dd7e4408aa1e53779ca942,52013.03,4.09,920,78.65,8.99,22786.11,88.25,115,8.0,39.13,0.0,"Will Elon Musk post 65-89 tweets from April 2 to April 4, 2026?"
desert1one,0xb3e6f092d890fd935ee2e18595aaad8af7fb3218,7526.5,10.21,306,78.57,10.71,2326.92,126.31,32,9.56,12.5,50.0,Billions FDV above $50M one day after launch?
MatanE,0xe7461927f98f994568411e25e1a3e401f30aff6a,3128.77,6.23,161,78.0,4.0,3332.15,442.2,101,1.59,38.61,12.82,Will Iran strike Israel on March 6?
sporttt,0xe153f01aa2cdb10b1ad775f5d3ae60f65ed6e415,62790.77,8.64,95,77.78,5.56,42521.21,161.72,30,3.17,76.67,26.09,Will Illinois win the 2026 NCAA Tournament?
cypherian,0x6b33f1396a7a2e9f3ee4e254f7f08d5f709df191,6729.78,8.12,72,77.42,3.23,3560.49,156.02,33,2.18,54.55,0.0,EdgeX FDV above $600M one day after launch?
p1252,0xf975c19db5d1da14029109a4df52ee87d0a64354,3201.29,0.15,944,76.92,7.69,8271.86,97.53,98,9.63,55.1,3.7,Will Real Sociedad de Fútbol win on 2026-04-04?
0xbFD119ad5637A4DcF8C4E278735Cc05873B30237-1766655126996,0xbfd119ad5637a4dcf8c4e278735cc05873b30237,2834.56,1.06,54,76.92,0.0,4009.87,70.83,14,3.86,28.57,0.0,"Will US or Israel strike Iran on March 10, 2026?"
DrearyCritic18364592,0x2835c2947f98bb304d1636c973de65b9564f2b42,37351.98,8.49,207,76.74,4.65,36104.59,67.88,60,3.45,40.0,20.83,U.S. strike on Somalia by January 31?
JewHammer,0x5faf6bb6a2a4272600e27a7c990f2284ab6f27bb,90038.8,4.5,800,75.45,0.91,8082.28,566.93,132,6.06,72.73,12.5,Steelers vs. Browns
Jeffrey1233213,0x7ab5b6b4ec55e971d32604c022df27bf9fbce123,16834.56,0.54,704,75.18,9.49,16672.35,87.64,176,4.0,50.57,40.45,Will Crude Oil (CL) hit (LOW) $85 by end of March?
xukehu,0xdd88733bdc5b92e0f406c442299b9309957395ae,6588.76,0.26,970,75.0,0.0,171820.81,61.23,10,97.0,60.0,16.67,"Will Bitcoin dip to $20,000 in March?"
0xE4E1095Da07f9924cF007a99BC0103F4027fF038-1768418108423,0xe4e1095da07f9924cf007a99bc0103f4027ff038,31253.48,35.91,28,75.0,0.0,15994.42,78.92,13,2.15,23.08,0.0,US forces enter Iran by April 30?
grepxd2,0x546b4e26fcbc9530953ba09f3deb3f8da6a00405,18417.59,12.59,340,75.0,0.0,9082.34,181.01,47,7.23,23.4,63.64,EdgeX FDV above $1B one day after launch?
qQWQq,0x48c6fd71ba1987fedcef8f835608452dc4a7d483,4061.79,5.57,521,75.0,3.12,3385.83,421.9,112,4.65,30.36,47.06,"Will Israel conduct military action in Greater Beirut on March 29, 2026?"
jklsjdwoqejasdf,0x05dfd81903aae6f5caa20e1c1dd1d472728a882d,20198.26,2.43,770,74.6,6.35,9661.13,285.74,75,10.27,37.33,7.14,Will Xi Jinping purge Dong Jun in 2026?
KiruaTrading,0xa7d2ec6680f4e5f6ab0da244d8006eec3e20f954,5148.01,0.81,709,74.55,10.91,8512.19,100.31,83,8.54,62.65,11.54,Will there be exactly 3 earthquakes of magnitude 6.5 or higher worldwide by April 5?
David28,0xa597ecc30d4bfdd4d45116fbd0fcb21d4c30c90d,6682.94,9.42,358,74.36,7.69,6291.5,288.89,82,4.37,59.76,36.73,Will the US strike Iran next?
Nimo,0x968b3d4295b03bf5b2f016005c0ca9e743d0549b,7060.26,25.94,99,74.29,0.0,3499.56,305.46,69,1.43,30.43,14.29,"Israel strikes Iran by January 31, 2026?"
0x64c28c0EEf3514b4,0x0484ced2f7764c28c0eef3514b48682ee0cde0ee,8700.43,1.73,925,74.24,12.12,8805.16,79.82,88,10.51,57.95,13.73,Lakers vs. Rockets
claimonchuck,0x73bc549f7eb9d4411bd7e1707e7d4fb4138e335f,8276.2,2.74,911,74.24,13.64,5777.33,120.6,150,6.07,23.33,2.86,"Houthi strike on Israel by March 31, 2026?"
0xF12aFa0a048804D9fe2Bc1E62C71bfe49Ef7F637-1757751288715,0xf12afa0a048804d9fe2bc1e62c71bfe49ef7f637,15082.54,5.8,451,74.19,6.45,8718.75,175.9,42,10.74,76.19,3.12,Games Total: O/U 2.5
987pl,0xa6c8b178ef0b95467b3942f46d37d3e960482649,6057.87,39.59,71,74.07,7.41,5272.92,168.51,37,1.92,40.54,0.0,Pistons vs. Celtics
RamseyDoll,0x92cd2c434d191e98c9a21025b0778cf1e4b79740,27782.21,9.17,852,73.97,12.33,26845.3,80.66,111,7.68,65.77,13.7,"Houthi strike on Israel by April 15, 2026?"
russell110320,0x118689b24aead1d6e9507b8068d056b2ec4f051b,38717.44,2.3,943,73.47,6.12,5075.42,151.3,56,16.84,62.5,37.14,Will global temperature increase by between 1.20ºC and 1.24ºC in March 2026?
HotSulphurMAGA,0x566d32ba7a326f1a1bb0b7d3555215f14421d58f,19829.88,13.55,563,73.45,0.88,15249.2,581.43,271,2.08,66.79,33.7,Khamenei out as Supreme Leader of Iran by June 30?
golfpro2025,0x683746bf62f31853308f2b0ff06cee75e40e15e1,36181.14,8.21,917,73.08,5.77,13540.5,93.62,80,11.46,46.25,0.0,"Will ""One Piece: Season 2"" be the top US Netflix show this week?"
0x2Cf13f5BeB7FC539d6A421a516dBa150b3E54C08-1760249103094,0x2cf13f5beb7fc539d6a421a516dba150b3e54c08,44394.7,4.18,828,73.02,11.11,7233.64,145.44,76,10.89,35.53,11.11,Will Egypt win the 2026 FIFA World Cup?
IKnowBetter,0x0c36bbf36fb5baa8bedea0dd6c1e28ac1743207d,4940.7,3.34,537,72.97,0.0,2070.64,288.83,46,11.67,50.0,30.43,"Will SpaceX IPO by June 30, 2026?"
0x96E17Ba97E081732a552F410eb35eE972Cad50aa-1754745531003,0x96e17ba97e081732a552f410eb35ee972cad50aa,171098.51,2.74,875,72.8,2.4,2119.35,97.71,138,6.34,90.58,2.4,Blue Jackets vs. Devils
154x838hjd6,0xbf32f7a77ccea8bba647fea63d438ce1778b1762,59254.89,8.78,25,72.73,0.0,29347.38,60.24,12,2.08,41.67,0.0,"US strikes Iran by February 28, 2026?"
0x0d3C2e992166c76F05DD4a4C7b38F2B76a9C3293-1769540478086,0x0d3c2e992166c76f05dd4a4c7b38f2b76a9c3293,3649.76,5.69,191,72.73,7.27,3646.77,61.41,77,2.48,61.04,0.0,Counter-Strike: MINLATE vs ALGO Esports (BO3) - CCT Europe Series #20 Group Stage
bosslv1,0xacd9d48b7ce46f49d717d4818dfa7fccfba7cb54,2507.64,1.37,756,72.73,4.55,3038.32,272.12,63,12.0,77.78,24.49,Will Como 1907 win on 2026-03-07?
Megawow,0xbfbebe724dcf6acade8696f9a3d41baa2be3c93c,69039.52,6.15,274,72.58,3.23,99218.7,343.62,66,4.15,25.76,29.41,Will Mojtaba Khamenei be the next Supreme Leader of Iran?
Telluxion,0x204b4cdc0bc88253c67abc858514ad2864666a5c,27603.98,7.09,953,71.88,12.5,12070.94,86.02,47,20.28,27.66,15.38,Opensea FDV above $100M one day after launch?
Water-Dunk,0x38692cead875c0cd862052efbff8f6add7310e3c,89415.42,4.27,899,71.7,3.77,25951.61,86.26,60,14.98,20.0,8.33,US forces enter Iran by April 30?
Conehead,0x665cc74ca0c03563dc4c71263d8d2b53617f307b,3810.4,14.56,142,71.43,0.0,4104.68,64.47,19,7.47,84.21,18.75,Canucks vs. Wild
0x5B23eA209224eE56AF7643CA554b2aEeb3032c20-1772079175765,0x5b23ea209224ee56af7643ca554b2aeeb3032c20,3764.44,40.13,93,71.43,14.29,3352.61,81.93,18,5.17,27.78,20.0,Bucharest Open: Daniel Merida Aguilar vs Adrian Mannarino
trader044,0x7a981bc91097f36c77e57d0a278020f56521e1e2,15257.1,3.88,850,70.83,8.33,11427.08,66.3,67,12.69,70.15,44.68,"Will SpaceX not IPO by December 31, 2027?"
Qbquzveuqe,0x030a01fff8762c0747b6dbc589b28ee6cea8acfc,77740.36,1.92,920,70.59,5.88,8220.05,76.83,23,40.0,56.52,38.46,Will Pam Bondi leave the Trump administration before 2027?
MarcusInfernal,0x97321d545160104ebad82fe86272850babd57552,2095.11,2.79,976,70.54,6.25,4523.6,77.72,116,8.41,13.79,43.75,"Ukraine election held by December 31, 2026?"
Schitt,0x3abfa2df6a6c19bbeb92761af8abaa26e41fcc34,9028.8,46.31,344,70.37,3.7,8907.7,406.15,67,5.13,49.25,36.36,Will Tottenham win the 2025–26 Champions League?
cdbaba,0x21ba7efe970a77017a9a6292e5391e483ce34372,7169.95,3.64,250,70.37,0.0,3134.48,63.19,29,8.62,27.59,0.0,Trump announces end of military operations against Iran by June 30th?
95aqre,0xc359b21aca1573a49691dd9eca1ea564130a9a41,4897.23,44.77,93,70.0,10.0,2585.11,65.09,13,7.15,23.08,0.0,Suns vs. Hornets
0xAa9D7b424F81f3502c0E616300cF35CE91ffd9Ba-1762739809976,0xaa9d7b424f81f3502c0e616300cf35ce91ffd9ba,2488.08,2.02,280,70.0,6.67,2520.56,130.7,44,6.36,22.73,0.0,Will the Fed increase interest rates by 25+ bps after the April 2026 meeting?
JFK01,0x84d38c6bc0b6a214f4bef329023b404722513dd5,6841.91,6.23,305,70.0,10.0,2406.67,509.88,94,3.24,59.57,42.86,Will WTI Crude Oil (WTI) hit (LOW) $70 in April?
Onamiko2864,0x14533c41c734bb4569af6fc78f34f1913d5aa680,6973.16,2.39,288,69.57,5.8,4411.13,541.81,85,3.39,35.29,20.0,Israel military response against Iran by Friday?
0xaD318cdb5045eeB1040C7A6e9DEbdF9a80713Da4-1766317149046,0xad318cdb5045eeb1040c7a6e9debdf9a80713da4,6875.79,3.42,142,69.44,13.89,8574.57,98.32,67,2.12,23.88,6.25,Warriors vs. Timberwolves
sunshines,0xa7eede142fda15cb6258f238c449796873e5421b,10265.84,25.25,852,69.23,6.59,12172.09,129.31,193,4.41,47.15,81.32,Will Ausar Thompson lead the NBA in steals during the 2025–26 NBA season?
0x5FF122269c7Eb4FE3a349F566031AF678050cfE5-1768190640513,0x5ff122269c7eb4fe3a349f566031af678050cfe5,3569.68,36.7,61,69.23,0.0,3552.73,74.1,16,3.81,43.75,14.29,Clippers vs. Pacers
narcissistsgod,0x869c92a279ed7416177f37cb1e84198941652483,32567.45,5.05,306,68.97,10.34,6508.84,125.98,30,10.2,46.67,14.29,Backpack FDV above $200M one day after launch?
1aposhka,0x10b0d2a23eed5184fe43d452bca85d063f6b9b5e,15302.48,3.09,196,68.57,0.0,6514.29,140.05,91,2.15,28.57,0.0,"Will Bitcoin dip to $55,000 in April?"
InsiderPelosi,0xbd68ba06e71a14e4f781d585b3b225ffc802746a,26039.79,7.49,658,67.14,4.29,11474.08,638.86,104,6.33,51.92,24.07,Israel military response against Iran by Friday?
courageous,0x93597af56d31986a99c93eb3acb5d08512154aee,4448.87,1.13,946,67.14,12.86,4401.55,178.72,82,11.54,35.37,79.31,"Will Israel take military action in Lebanon on March 27, 2026?"
Zimbov,0x103b1c9610499e0eacb75728804b59d02d7f33d6,73983.71,33.93,668,66.67,12.5,73254.92,89.39,39,17.13,20.51,12.5,Will France win Group I in the 2026 FIFA World Cup?
Packed,0x8db699f6003cf7b131b0d1c0cfe7a851478d09da,73652.37,22.48,256,66.67,6.67,16723.69,153.67,24,10.67,29.17,28.57,Will Solana dip to $110 in January?
0xa9E2BD5c14c5F89240A7037D4aB67D3775e09631-1760574161211,0xa9e2bd5c14c5f89240a7037d4ab67d3775e09631,13258.41,3.82,226,66.67,4.76,10747.06,163.51,64,3.53,50.0,53.12,US forces enter Iran by April 30?
arthurgcar,0x530e6c4f8250a4247173efb981d46d3081d1cc11,69616.94,5.72,226,66.67,3.03,10035.59,177.69,58,3.9,58.62,76.47,"Will Ethereum dip to $1,600 in March?"
0x92669a96dab74e0017dd2bC40D2FDa5071d87562-1721649370571,0x92669a96dab74e0017dd2bc40d2fda5071d87562,2136.51,1.09,875,66.67,13.33,7388.09,238.87,52,16.83,75.0,38.46,East Texas A&M Lions vs. Northwestern State Demons
gadigad,0xbde68038bc59b04042af68f19f871beb71778845,4119.11,14.31,15,66.67,0.0,4363.33,64.97,14,1.07,14.29,0.0,Will 20-24 ships transit the Strait of Hormuz between March 10-16?
minigumi,0x39343431eb7fc70aee76b0a8c09c0f1208808352,19074.55,6.34,840,66.67,9.2,4300.95,66.1,118,7.12,69.49,4.88,Variational FDV above $5B one day after launch?
TamD2,0x2159f0e2c3ebf98e8f6257d9024a5dd72f62ab9a,2586.96,2.6,366,65.79,2.63,2263.88,208.16,55,6.65,50.91,46.43,Trump out as President before 2027?
mamulikk,0x0a9a67f2b0b5d472baaeed626f2c5f0c7263467b,7630.05,1.09,980,65.52,6.9,3173.02,86.04,60,16.33,25.0,6.67,Backpack FDV above $4B one day after launch?
leratpace,0xd04af16a69286d40c383342d6eef7a89f76bd7ec,3118.52,1.41,375,65.45,7.27,2099.53,166.28,75,5.0,50.67,44.74,Will Grégory Doucet win the 2026 Lyon mayoral election?
yyyyyyyiii,0x6d27fad978978d60d0e91f4f927ededb42bd5350,14251.88,7.4,619,65.38,9.62,13808.94,64.58,52,11.9,17.31,0.0,Opinion FDV above $500M one day after launch?
vin447,0x2ae7de186132861c228680c34957da90a62e9603,17231.86,4.62,940,64.62,7.69,2257.15,135.78,143,6.57,13.99,0.0,Gensyn FDV above $800M one day after launch?
iwantasianwomen,0xa268d4480a3785a3297ee2dbec955bb32e66d60b,18838.03,1.53,474,64.44,0.0,32218.4,153.03,55,8.62,25.45,14.29,US strike on Mexico by December 31?
fanat12,0x33f832b83b52aa61967fb8ecb2e753734767c5e4,14766.55,3.24,976,64.29,7.14,3975.39,68.33,94,10.38,13.83,0.0,"Will ""The Drama"" Opening Weekend Box Office be between $13m and $14m?"
TwitterRando,0xed5a5f2a0d3a18576f92c9225f42e9f2a9c9c744,5199.6,2.59,818,63.41,9.76,3604.66,62.8,47,17.4,42.55,10.0,Will Saudi Arabia strike Iran by April 30?
0x20A536B2A7B2b4AFcb0c54fdF44215c646130e31-1763001387157,0x20a536b2a7b2b4afcb0c54fdf44215c646130e31,5825.64,5.05,577,63.33,6.67,5490.39,62.93,31,18.61,16.13,40.0,EdgeX FDV above $700M one day after launch?
eradus,0x7c775d6837c0fbe6ec8d3ec64b7d634f2c298656,20181.79,5.88,168,62.5,0.0,3424.48,175.12,30,5.6,3.33,0.0,US forces enter Iran by April 30?
honeytoastlittlespoon - 23991,0xe162ccb8d66c78741a4bc65247e0d44a44898a81,13000.72,0.99,284,61.76,8.82,3549.14,259.72,73,3.89,38.36,10.71,Will Ali Larijani be the next Supreme Leader of Iran?
alphabeta0x,0x90da1bf705e136e4c37247308b47fbbd4b424042,6205.27,3.4,517,61.7,8.51,5814.22,84.22,59,8.76,37.29,18.18,"Israel x Hezbollah ceasefire by March 31, 2026?"
Dr.finkel,0x86cfa4dfa7421c2413a59320ca505e733cb9592d,2119.67,2.96,82,60.71,14.29,2021.09,74.27,29,2.83,20.69,33.33,"Israel strike on Yemen by March 31, 2026?"
M0007,0x6f01eec19cc6523b741677ed870b0ac04cd7558f,8529.32,3.51,60,60.0,0.0,14921.95,88.81,25,2.4,0.0,0.0,"US strikes Iran by March 2, 2026?"
dashuczx47,0x2dd847775140ed85781daa4c76cd6372e9cabf59,3693.66,50.15,55,60.0,15.0,3722.5,171.59,25,2.2,28.0,0.0,Clippers vs. Kings
